id,first_name,last_name,email,gender,salary
1,Harman,Mulran,hmulran0@hp.com,Male,$4908.40
2,Hamnet,Yokel,hyokel1@google.it,Male,$1674.05
3,Ardenia,Jellings,ajellings2@feedburner.com,Female,$5200.82
4,Leisha,Ranns,lranns3@nsw.gov.au,Female,$5371.12
5,Doll,Pavelka,dpavelka4@comsenz.com,Female,$3676.03
6,Peadar,Laise,plaise5@indiegogo.com,Non-binary,$6680.65
7,Corrina,Reeme,creeme6@amazon.com,Agender,$1664.04
8,Nikolaus,Stanner,nstanner7@imgur.com,Male,$7489.46
9,Harrietta,Draude,hdraude8@mit.edu,Female,$4242.03
10,Brant,Crosskell,bcrosskell9@marketwatch.com,Male,$1529.32
11,Liliane,Blakely,lblakelya@oaic.gov.au,Genderqueer,$2320.16
12,Ruben,Swynley,rswynleyb@tiny.cc,Male,$3051.73
13,Dulcie,Ullett,dullettc@aboutads.info,Female,$3745.44
14,Margit,Verrillo,mverrillod@guardian.co.uk,Female,$2627.03
15,Perri,Swire,pswiree@independent.co.uk,Female,$1556.45
16,Dixie,Lagden,dlagdenf@jugem.jp,Female,$2919.45
17,Agatha,Jeffray,ajeffrayg@123-reg.co.uk,Female,$4094.87
18,Vivian,Bagshawe,vbagshaweh@purevolume.com,Female,$7682.00
19,Parke,Quernel,pquerneli@sun.com,Non-binary,$7307.83
20,Phedra,O'Mara,pomaraj@skype.com,Female,$6776.46
21,Bradan,Hubbocks,bhubbocksk@ebay.co.uk,Polygender,$3043.82
22,Joachim,Lott,jlottl@webeden.co.uk,Male,$2928.50
23,Frannie,Shilvock,fshilvockm@mozilla.com,Female,$1352.41
24,Abby,MacCague,amaccaguen@sciencedirect.com,Female,$3661.03
25,Boone,Giacobelli,bgiacobellio@dion.ne.jp,Male,$3675.97
26,Mechelle,Tacey,mtaceyp@howstuffworks.com,Female,$3673.79
27,Harrison,Hadley,hhadleyq@seesaa.net,Male,$1760.70
28,Dalton,Sizzey,dsizzeyr@wordpress.com,Male,$4520.69
29,Darryl,Ratt,dratts@pinterest.com,Female,$6322.54
30,Theodoric,Sergeant,tsergeantt@unesco.org,Male,$3014.90
31,Andrei,Casse,acasseu@rakuten.co.jp,Polygender,$2445.57
32,Vinny,Syncke,vsynckev@reuters.com,Female,$6340.60
33,Ringo,Hartlebury,rhartleburyw@engadget.com,Male,$5228.24
34,Bobina,Kornas,bkornasx@shutterfly.com,Female,$7339.33
35,Emalee,Kiehne,ekiehney@eventbrite.com,Female,$7359.01
36,Irv,Wands,iwandsz@berkeley.edu,Male,$1101.04
37,Bryant,Checchi,bchecchi10@sourceforge.net,Male,$6188.25
38,Carmen,Cregan,ccregan11@ft.com,Female,$6247.65
39,Vivyanne,Lintin,vlintin12@oracle.com,Female,$7531.91
40,Jocelyn,Caygill,jcaygill13@google.ru,Female,$6695.04
41,Hoebart,Crowcroft,hcrowcroft14@tinyurl.com,Agender,$2233.09
42,Prentice,Millett,pmillett15@dedecms.com,Male,$2781.71
43,Karel,Hannigane,khannigane16@ft.com,Male,$7515.18
44,Lyle,Marson,lmarson17@goo.ne.jp,Male,$4334.75
45,Freddie,Eisig,feisig18@themeforest.net,Non-binary,$7063.20
46,Rowen,Pattenden,rpattenden19@a8.net,Male,$6720.44
47,Debbie,Weavers,dweavers1a@nsw.gov.au,Female,$2782.75
48,Vivyan,Huitt,vhuitt1b@github.com,Female,$5984.02
49,Sigismondo,New,snew1c@ebay.com,Male,$2549.52
50,Vivian,Dessaur,vdessaur1d@simplemachines.org,Female,$6078.80
51,Arlyne,Hovel,ahovel1e@t-online.de,Female,$7734.61
52,Leandra,Broom,lbroom1f@ezinearticles.com,Genderqueer,$4520.29
53,Skipper,Philipps,sphilipps1g@i2i.jp,Genderfluid,$1905.83
54,Ingra,Shoorbrooke,ishoorbrooke1h@yahoo.com,Male,$2135.48
55,Gorden,Sekulla,gsekulla1i@mediafire.com,Genderqueer,$2770.68
56,Ivor,Fessier,ifessier1j@harvard.edu,Male,$1205.66
57,Pansy,Poleye,ppoleye1k@intel.com,Female,$7616.51
58,Tanya,Thonason,tthonason1l@usgs.gov,Female,$1510.18
59,Dallas,Coveney,dcoveney1m@marriott.com,Male,$5507.61
60,Cecilla,Rawnsley,crawnsley1n@jigsy.com,Female,$2057.71
61,Chalmers,Torrans,ctorrans1o@sohu.com,Male,$3933.74
62,Hilliary,Elvin,helvin1p@hao123.com,Female,$7137.49
63,Nadya,Rideout,nrideout1q@usa.gov,Female,$3314.39
64,Fallon,Barnson,fbarnson1r@weibo.com,Female,$1387.57
65,Woodman,Duinkerk,wduinkerk1s@ucoz.ru,Male,$4835.86
66,Berti,Vogt,bvogt1t@nsw.gov.au,Male,$3476.93
67,Dosi,Sawford,dsawford1u@businessinsider.com,Polygender,$6787.98
68,Janine,Huddart,jhuddart1v@mapquest.com,Female,$4840.00
69,Bartram,Ockenden,bockenden1w@mashable.com,Male,$2243.90
70,Doralia,Scoggins,dscoggins1x@opensource.org,Polygender,$3197.80
71,Linell,Fawthrop,lfawthrop1y@vk.com,Female,$4757.82
72,Roby,Yve,ryve1z@webmd.com,Female,$5105.21
73,Kissiah,Bohman,kbohman20@cargocollective.com,Female,$2272.61
74,Pate,Lovstrom,plovstrom21@nyu.edu,Male,$6699.02
75,Olenka,Mendez,omendez22@indiatimes.com,Female,$4535.63
76,Tabitha,De Andreis,tdeandreis23@surveymonkey.com,Female,$7663.52
77,Bobbye,Newsome,bnewsome24@sourceforge.net,Female,$2121.34
78,Vaclav,Nockells,vnockells25@yahoo.co.jp,Male,$4489.87
79,Gardy,Croad,gcroad26@blog.com,Male,$4327.56
80,Tomkin,Longley,tlongley27@sciencedirect.com,Male,$6353.24
81,Clarinda,Tilt,ctilt28@webnode.com,Female,$4700.60
82,Rozele,Grigs,rgrigs29@plala.or.jp,Female,$6104.31
83,Thorvald,Rosenstein,trosenstein2a@shareasale.com,Male,$4877.62
84,Fraser,Caldayrou,fcaldayrou2b@cbslocal.com,Male,$7570.21
85,Robinet,Greenrodd,rgreenrodd2c@behance.net,Male,$3829.42
86,Lilas,Setchfield,lsetchfield2d@hud.gov,Female,$2525.81
87,Fulton,Blader,fblader2e@networkadvertising.org,Male,$5223.28
88,Curtis,Willshaw,cwillshaw2f@xrea.com,Male,$2303.64
89,Krystle,Gillanders,kgillanders2g@oracle.com,Agender,$3225.58
90,Pamella,Wahncke,pwahncke2h@ning.com,Female,$1353.31
91,Arlina,Gerraty,agerraty2i@auda.org.au,Female,$4404.11
92,Court,Heading,cheading2j@flickr.com,Male,$4962.87
93,Suzy,David,sdavid2k@toplist.cz,Female,$4239.21
94,Berry,Pickersail,bpickersail2l@nyu.edu,Female,$2310.12
95,Denis,Tosspell,dtosspell2m@google.com.au,Male,$7879.11
96,Fernande,Jankiewicz,fjankiewicz2n@reference.com,Female,$4322.64
97,Nicko,Tummons,ntummons2o@twitpic.com,Male,$7628.15
98,Crista,Wysome,cwysome2p@virginia.edu,Bigender,$5615.15
99,Berrie,Etienne,betienne2q@about.me,Female,$7126.12
100,Alica,Semple,asemple2r@ifeng.com,Female,$1512.94
101,Orel,Huyche,ohuyche2s@psu.edu,Agender,$2867.94
102,Rivkah,Janda,rjanda2t@wix.com,Non-binary,$2295.00
103,Wendel,Roth,wroth2u@stanford.edu,Male,$6187.31
104,Heath,Geibel,hgeibel2v@washingtonpost.com,Female,$2468.66
105,Raynard,Ravenshaw,rravenshaw2w@bizjournals.com,Male,$6759.62
106,Goran,Maddie,gmaddie2x@posterous.com,Male,$6237.41
107,Nertie,Parman,nparman2y@utexas.edu,Female,$3895.80
108,Martyn,Skace,mskace2z@google.fr,Male,$7738.77
109,Guenevere,Bice,gbice30@google.de,Female,$7193.92
110,Allard,Rosenvasser,arosenvasser31@stanford.edu,Male,$1877.18
111,Sterling,Jakab,sjakab32@unicef.org,Male,$7244.59
112,Steffi,Kumar,skumar33@4shared.com,Female,$1238.84
113,Lorrie,Bruster,lbruster34@xinhuanet.com,Male,$6666.65
114,Jourdain,Luckman,jluckman35@hao123.com,Male,$1259.92
115,Jaimie,Gradwell,jgradwell36@psu.edu,Genderfluid,$6993.07
116,Raffaello,Grzegorczyk,rgrzegorczyk37@about.me,Male,$7677.31
117,Nara,Langmaid,nlangmaid38@howstuffworks.com,Female,$4554.89
118,Dennet,Deegan,ddeegan39@wisc.edu,Male,$7364.11
119,Marline,Ivankov,mivankov3a@pinterest.com,Female,$6256.93
120,Rogerio,Van Brug,rvanbrug3b@webnode.com,Male,$1197.27
121,Drusilla,McIlory,dmcilory3c@va.gov,Genderqueer,$1602.31
122,Emily,Beavis,ebeavis3d@microsoft.com,Genderqueer,$5560.04
123,Bryana,Yerson,byerson3e@free.fr,Female,$7537.47
124,Chris,Kharchinski,ckharchinski3f@last.fm,Female,$2143.57
125,Bourke,Matokhnin,bmatokhnin3g@abc.net.au,Male,$3692.01
126,Kristi,Di Antonio,kdiantonio3h@aol.com,Female,$7089.59
127,Carin,Spire,cspire3i@goo.ne.jp,Female,$2610.75
128,Clarette,Gummary,cgummary3j@wunderground.com,Female,$3488.96
129,Amii,Irvine,airvine3k@ifeng.com,Female,$6850.62
130,Myles,Wagstaff,mwagstaff3l@yellowpages.com,Male,$7591.10
131,Jerrilyn,Spatarul,jspatarul3m@uiuc.edu,Non-binary,$5206.22
132,Constancy,Lowndesbrough,clowndesbrough3n@washington.edu,Female,$2077.43
133,Brenda,Tackes,btackes3o@nasa.gov,Female,$6822.12
134,Corilla,Saward,csaward3p@shareasale.com,Female,$4199.63
135,Griffith,Stebbings,gstebbings3q@myspace.com,Male,$4605.38
136,Naoma,Gatheral,ngatheral3r@boston.com,Agender,$7150.32
137,Chere,Leward,cleward3s@imageshack.us,Female,$3248.88
138,Norah,Parres,nparres3t@seattletimes.com,Female,$5765.28
139,Helaine,Crepin,hcrepin3u@google.de,Female,$4305.97
140,Sergeant,Jordison,sjordison3v@trellian.com,Male,$6246.28
141,Katey,Lardiner,klardiner3w@oaic.gov.au,Female,$2747.22
142,Brennan,Minards,bminards3x@wired.com,Male,$4669.26
143,Nessi,Nowak,nnowak3y@reuters.com,Female,$7992.90
144,Court,Clewarth,cclewarth3z@cocolog-nifty.com,Male,$6845.40
145,Melanie,Whyke,mwhyke40@nyu.edu,Female,$3543.11
146,Maison,Windows,mwindows41@last.fm,Male,$4100.53
147,Edgardo,Cluitt,ecluitt42@purevolume.com,Male,$7251.07
148,Ileane,Curtayne,icurtayne43@godaddy.com,Female,$3359.63
149,Horatia,Croyden,hcroyden44@aol.com,Female,$7078.05
150,Killian,De Meis,kdemeis45@marketwatch.com,Male,$4199.57
151,Ange,Le Fleming,alefleming46@bandcamp.com,Genderfluid,$3679.06
152,Riki,Murrell,rmurrell47@goodreads.com,Female,$6243.52
153,Louisette,Chadburn,lchadburn48@buzzfeed.com,Female,$1237.35
154,Jolie,Kennicott,jkennicott49@shinystat.com,Female,$2987.91
155,Meta,Andrews,mandrews4a@twitter.com,Female,$1838.09
156,Stearne,McIlwain,smcilwain4b@fotki.com,Male,$6288.20
157,Anabella,Brailey,abrailey4c@cnbc.com,Female,$3773.60
158,Johan,Dash,jdash4d@t.co,Male,$7231.62
159,Hewett,Barents,hbarents4e@ed.gov,Male,$7178.82
160,Nan,Hamshaw,nhamshaw4f@google.de,Agender,$6662.84
161,Brook,Manclark,bmanclark4g@ox.ac.uk,Male,$7715.80
162,Gilberto,Marlin,gmarlin4h@macromedia.com,Male,$2086.24
163,Misha,Lainge,mlainge4i@netlog.com,Non-binary,$7616.32
164,Gabie,Kalb,gkalb4j@google.cn,Female,$3109.12
165,Andrei,Trew,atrew4k@example.com,Female,$3374.71
166,Burg,Gallaher,bgallaher4l@reddit.com,Male,$7653.70
167,Luis,Douglas,ldouglas4m@disqus.com,Male,$1574.12
168,Mikael,Mooring,mmooring4n@newsvine.com,Male,$1880.02
169,Urbain,Fintoph,ufintoph4o@clickbank.net,Male,$2202.78
170,Gallagher,Meriel,gmeriel4p@addthis.com,Male,$2634.16
171,Johannes,Devereux,jdevereux4q@mashable.com,Male,$3470.52
172,Salli,Willimot,swillimot4r@jalbum.net,Female,$6345.20
173,Nate,Dowyer,ndowyer4s@com.com,Genderfluid,$3681.42
174,Ted,Dimeloe,tdimeloe4t@joomla.org,Female,$5759.48
175,Harry,Zecchi,hzecchi4u@salon.com,Male,$4485.00
176,Walker,Willicott,wwillicott4v@mozilla.com,Male,$1151.02
177,Farlee,Widmore,fwidmore4w@cmu.edu,Male,$7905.52
178,Udall,Grimsditch,ugrimsditch4x@google.ca,Male,$6411.37
179,Svend,Titmarsh,stitmarsh4y@eventbrite.com,Male,$1974.00
180,Fulton,Patillo,fpatillo4z@fema.gov,Male,$1036.19
181,Sharleen,Jikovsky,sjikovsky50@myspace.com,Female,$5994.94
182,Laureen,Windus,lwindus51@cnn.com,Female,$6699.00
183,Any,Trethowan,atrethowan52@ifeng.com,Male,$3679.14
184,Marci,Matitiaho,mmatitiaho53@globo.com,Female,$5980.95
185,Milty,Mallaby,mmallaby54@google.nl,Male,$2398.13
186,Randy,Cowlishaw,rcowlishaw55@de.vu,Female,$2848.39
187,Broderic,Ferber,bferber56@hostgator.com,Male,$7736.79
188,Rayshell,Beazey,rbeazey57@bbb.org,Female,$5341.78
189,Juli,Eckhard,jeckhard58@abc.net.au,Female,$2025.75
190,Essa,Hakonsson,ehakonsson59@slideshare.net,Genderfluid,$5880.39
191,Nikoletta,Francey,nfrancey5a@google.ru,Female,$1097.95
192,Saree,Hurn,shurn5b@wsj.com,Female,$3634.30
193,Cecilio,Summerrell,csummerrell5c@tiny.cc,Male,$5573.51
194,Melony,Hardcastle,mhardcastle5d@cocolog-nifty.com,Female,$2184.19
195,Sutherlan,Brandrick,sbrandrick5e@alibaba.com,Male,$5381.55
196,Orella,Furminger,ofurminger5f@fda.gov,Female,$7574.47
197,Milka,Houlston,mhoulston5g@symantec.com,Female,$2274.93
198,Arluene,Willden,awillden5h@mapy.cz,Female,$3130.94
199,Ebeneser,Wilsher,ewilsher5i@mysql.com,Male,$6787.16
200,Nanette,Kunat,nkunat5j@jigsy.com,Female,$3241.97
201,Mandel,Kubica,mkubica5k@sciencedirect.com,Male,$4181.51
202,Wenona,Dicey,wdicey5l@ovh.net,Female,$7685.33
203,Chic,Marchetti,cmarchetti5m@drupal.org,Agender,$7084.01
204,Farly,Syne,fsyne5n@chronoengine.com,Male,$7798.08
205,Hettie,McKniely,hmckniely5o@shinystat.com,Female,$4023.52
206,Daffie,McGraith,dmcgraith5p@wikimedia.org,Genderqueer,$4816.18
207,Ferdie,Neilly,fneilly5q@unc.edu,Non-binary,$2178.66
208,Ricard,Handaside,rhandaside5r@wisc.edu,Male,$5100.94
209,Vern,Kopman,vkopman5s@addtoany.com,Male,$1067.07
210,Marcel,Brose,mbrose5t@washington.edu,Male,$2872.06
211,Terry,Sissons,tsissons5u@e-recht24.de,Female,$2754.39
212,Alfie,Muldowney,amuldowney5v@usatoday.com,Female,$2097.51
213,Mitch,Gypson,mgypson5w@wp.com,Male,$2994.54
214,Shelley,Rosi,srosi5x@comsenz.com,Female,$5584.90
215,Freddy,Polack,fpolack5y@wikipedia.org,Male,$7829.00
216,Lida,Moran,lmoran5z@about.com,Genderfluid,$6823.73
217,Denny,Killwick,dkillwick60@prlog.org,Genderqueer,$5633.46
218,Giffie,Pressnell,gpressnell61@hostgator.com,Male,$1694.70
219,Louisa,Reitenbach,lreitenbach62@hubpages.com,Female,$2775.06
220,Chip,Canwell,ccanwell63@shareasale.com,Male,$5493.30
221,Yancy,Lamas,ylamas64@dot.gov,Male,$2863.20
222,Herta,Moutray Read,hmoutrayread65@sbwire.com,Female,$7252.81
223,Vite,Tollerfield,vtollerfield66@google.ca,Male,$2352.55
224,Jonah,Castilla,jcastilla67@xrea.com,Male,$6093.23
225,Aubrie,Gheeorghie,agheeorghie68@noaa.gov,Female,$1432.34
226,Eve,Saterweyte,esaterweyte69@tamu.edu,Female,$1199.23
227,Aubry,Notton,anotton6a@blog.com,Female,$1706.00
228,Thorvald,Spawforth,tspawforth6b@google.com.br,Male,$2379.91
229,Bryn,Giametti,bgiametti6c@phoca.cz,Male,$1510.94
230,Alva,Erb,aerb6d@goo.ne.jp,Male,$4552.57
231,Kelly,Binge,kbinge6e@thetimes.co.uk,Female,$4784.61
232,Marion,Zollner,mzollner6f@soundcloud.com,Female,$1211.26
233,Fabiano,Gilliatt,fgilliatt6g@blogtalkradio.com,Male,$2581.80
234,Lacee,Lideard,llideard6h@last.fm,Female,$3071.46
235,Hebert,McVittie,hmcvittie6i@cornell.edu,Male,$5148.80
236,Quillan,Bruinsma,qbruinsma6j@hatena.ne.jp,Male,$5352.01
237,Olivie,Buff,obuff6k@jugem.jp,Female,$6432.97
238,Tybie,MacIlraith,tmacilraith6l@mozilla.com,Female,$7719.90
239,Elnore,Ipgrave,eipgrave6m@washingtonpost.com,Bigender,$7205.77
240,Dyan,Risbie,drisbie6n@issuu.com,Female,$3991.55
241,Elwin,Connah,econnah6o@vkontakte.ru,Male,$5660.55
242,Donella,Arzu,darzu6p@pinterest.com,Female,$5211.13
243,Huntley,Blakeway,hblakeway6q@hubpages.com,Male,$3370.41
244,Maurita,Gissing,mgissing6r@bbb.org,Female,$6085.60
245,Gardy,Kunert,gkunert6s@wufoo.com,Male,$5715.73
246,Henrik,Horrigan,hhorrigan6t@delicious.com,Male,$3263.95
247,Lusa,Keynes,lkeynes6u@bloglines.com,Female,$2381.72
248,Norean,Mancell,nmancell6v@java.com,Female,$1796.15
249,Whitney,Glidder,wglidder6w@unicef.org,Genderqueer,$4275.36
250,Kendell,Tilliard,ktilliard6x@boston.com,Male,$7943.84
251,Tomkin,Parcell,tparcell6y@elegantthemes.com,Polygender,$3261.24
252,Bebe,Burtenshaw,bburtenshaw6z@odnoklassniki.ru,Female,$1968.46
253,Bel,Watkins,bwatkins70@gmpg.org,Female,$1138.41
254,Ximenez,Minall,xminall71@statcounter.com,Male,$1521.73
255,Beverlee,Kesper,bkesper72@friendfeed.com,Female,$3608.92
256,Harcourt,Dinneges,hdinneges73@gizmodo.com,Male,$2789.53
257,Jamal,Woffenden,jwoffenden74@cyberchimps.com,Male,$2971.83
258,Meier,Billett,mbillett75@histats.com,Male,$6024.90
259,Claudianus,Feavearyear,cfeavearyear76@mysql.com,Male,$2922.42
260,Evaleen,Petric,epetric77@mlb.com,Female,$6574.04
261,Hazlett,Haller,hhaller78@pagesperso-orange.fr,Genderfluid,$2399.85
262,Rodi,Iredell,riredell79@gov.uk,Female,$3109.69
263,Brett,Caselick,bcaselick7a@networkadvertising.org,Male,$4538.32
264,Mellicent,Dallinder,mdallinder7b@google.ru,Female,$5050.78
265,Antonino,Muat,amuat7c@pcworld.com,Male,$5240.38
266,Kaile,Hake,khake7d@sbwire.com,Female,$7624.86
267,Izzy,Joskowicz,ijoskowicz7e@marriott.com,Male,$7087.31
268,Krispin,Cicculini,kcicculini7f@cyberchimps.com,Male,$6588.57
269,Manny,Butler,mbutler7g@state.gov,Male,$4594.50
270,Leonard,Hart,lhart7h@technorati.com,Male,$3623.31
271,Tonia,Gorton,tgorton7i@networkadvertising.org,Female,$7179.85
272,Abelard,Mapplethorpe,amapplethorpe7j@dot.gov,Male,$2028.48
273,Errol,Gummie,egummie7k@weebly.com,Male,$2325.54
274,Ali,Seviour,aseviour7l@adobe.com,Male,$2968.56
275,Skelly,Denisyuk,sdenisyuk7m@smh.com.au,Male,$4268.68
276,Herc,Dyball,hdyball7n@home.pl,Male,$6791.72
277,Erroll,Blanchard,eblanchard7o@java.com,Male,$1819.85
278,Reine,Sainte Paul,rsaintepaul7p@meetup.com,Female,$1428.26
279,Toddie,Igonet,tigonet7q@rambler.ru,Male,$7543.90
280,Broddie,Shoard,bshoard7r@prnewswire.com,Male,$5124.21
281,Garrard,Kidston,gkidston7s@stanford.edu,Male,$6960.47
282,Albie,Collishaw,acollishaw7t@nytimes.com,Male,$7023.51
283,Nicolea,Daoust,ndaoust7u@altervista.org,Female,$5806.47
284,Octavius,Josskoviz,ojosskoviz7v@cornell.edu,Male,$7268.12
285,Urbanus,Curwood,ucurwood7w@reference.com,Male,$7259.74
286,Norine,Weatherill,nweatherill7x@newsvine.com,Female,$2936.19
287,Skippy,Toope,stoope7y@moonfruit.com,Male,$7715.03
288,Radcliffe,Grewe,rgrewe7z@e-recht24.de,Male,$5921.51
289,Elana,Bertholin,ebertholin80@army.mil,Female,$7871.35
290,Rozelle,Pitblado,rpitblado81@apache.org,Female,$7485.64
291,Lemmy,Descroix,ldescroix82@google.fr,Male,$6220.49
292,Allistir,Elger,aelger83@answers.com,Male,$2984.55
293,Chere,Andreoletti,candreoletti84@prlog.org,Female,$2137.50
294,Jozef,Georger,jgeorger85@whitehouse.gov,Male,$2596.25
295,Gerhard,Lumber,glumber86@mysql.com,Male,$6904.73
296,Melvyn,Milley,mmilley87@soundcloud.com,Male,$7536.71
297,Christiana,Keys,ckeys88@google.cn,Female,$2430.57
298,Monique,Longhorne,mlonghorne89@nyu.edu,Female,$2355.54
299,Ajay,Keene,akeene8a@gmpg.org,Female,$3294.96
300,Caril,Alway,calway8b@icq.com,Female,$4157.54
301,Ingeborg,Spon,ispon8c@japanpost.jp,Bigender,$5570.49
302,Nicoli,Wotton,nwotton8d@google.de,Female,$3726.14
303,Milo,Casse,mcasse8e@netscape.com,Male,$3604.13
304,Pammy,Chittim,pchittim8f@icq.com,Bigender,$4563.41
305,Steffane,Grainge,sgrainge8g@sphinn.com,Female,$4517.14
306,Conant,Abby,cabby8h@diigo.com,Male,$7689.61
307,Blinni,Connealy,bconnealy8i@twitter.com,Female,$5683.08
308,Grayce,Gosnell,ggosnell8j@apache.org,Female,$7086.04
309,Goldarina,Hazeldine,ghazeldine8k@xrea.com,Female,$3455.88
310,Vidovic,Shillam,vshillam8l@cnn.com,Male,$7652.72
311,West,Assur,wassur8m@google.com.au,Male,$7658.08
312,Andrus,Casswell,acasswell8n@typepad.com,Polygender,$4909.60
313,Gwendolin,Sink,gsink8o@fotki.com,Female,$4169.18
314,Marlo,Eastlake,meastlake8p@drupal.org,Female,$2949.35
315,Sisely,Ferrara,sferrara8q@google.it,Female,$4245.53
316,Bronnie,Krikorian,bkrikorian8r@free.fr,Male,$2202.37
317,Aili,Mixworthy,amixworthy8s@ycombinator.com,Female,$2677.69
318,Olimpia,Finder,ofinder8t@zdnet.com,Female,$6412.13
319,Sibel,Trevena,strevena8u@nba.com,Female,$3849.92
320,Abbie,Nast,anast8v@xinhuanet.com,Female,$7320.59
321,Rudyard,Wakes,rwakes8w@uol.com.br,Male,$4118.66
322,Cristian,Peete,cpeete8x@bigcartel.com,Polygender,$4403.61
323,Gasper,Fruser,gfruser8y@webeden.co.uk,Male,$7860.92
324,Myrna,Harryman,mharryman8z@cpanel.net,Female,$6027.37
325,Brice,Cleveley,bcleveley90@usatoday.com,Male,$4305.17
326,Margy,Kibblewhite,mkibblewhite91@imageshack.us,Female,$7667.47
327,Brig,Jodkowski,bjodkowski92@geocities.com,Male,$2190.43
328,Angelo,Press,apress93@opensource.org,Male,$6838.03
329,Kalli,Wanley,kwanley94@123-reg.co.uk,Female,$4878.79
330,Deck,Elcott,delcott95@blogs.com,Male,$2928.78
331,Bendick,MacAvaddy,bmacavaddy96@netvibes.com,Male,$3742.79
332,Dyann,Igo,digo97@bravesites.com,Female,$1747.82
333,Kalie,Emsley,kemsley98@mayoclinic.com,Female,$3498.32
334,Hercule,Nicol,hnicol99@ucoz.ru,Genderqueer,$7144.66
335,Sherwood,Oleksiak,soleksiak9a@answers.com,Male,$3480.30
336,Jessi,Luckin,jluckin9b@mysql.com,Female,$4581.46
337,Tiffanie,Agirre,tagirre9c@cbc.ca,Female,$3288.02
338,Barbee,Habron,bhabron9d@usa.gov,Female,$6892.26
339,Claudie,Fricker,cfricker9e@oracle.com,Female,$3107.53
340,Luke,Kell,lkell9f@geocities.jp,Male,$1190.00
341,Randolf,Stiebler,rstiebler9g@mayoclinic.com,Male,$6815.04
342,Humphrey,Cossins,hcossins9h@dailymotion.com,Male,$1590.10
343,Linzy,Bowld,lbowld9i@diigo.com,Female,$4015.92
344,Egon,Simonett,esimonett9j@dot.gov,Male,$1092.49
345,Preston,Mildmott,pmildmott9k@tamu.edu,Male,$3813.55
346,Sigfried,Abley,sabley9l@addtoany.com,Male,$3445.70
347,Verge,Keepe,vkeepe9m@yolasite.com,Male,$1083.28
348,Emmi,Marland,emarland9n@si.edu,Female,$5224.62
349,Obediah,Aberkirdo,oaberkirdo9o@epa.gov,Male,$4295.65
350,Rob,Hadeke,rhadeke9p@sciencedirect.com,Male,$7148.33
351,Jolie,Jencken,jjencken9q@omniture.com,Female,$6963.23
352,Meredith,Leythley,mleythley9r@opensource.org,Male,$4473.82
353,Alexandre,Le Leu,aleleu9s@parallels.com,Non-binary,$4995.32
354,Minta,Crickett,mcrickett9t@umich.edu,Female,$5284.70
355,Krishnah,Ruck,kruck9u@cyberchimps.com,Male,$4277.40
356,Opalina,Pollitt,opollitt9v@tripadvisor.com,Female,$1734.74
357,Lennie,Hamil,lhamil9w@tripod.com,Male,$1912.10
358,Letitia,Rylands,lrylands9x@independent.co.uk,Female,$1953.30
359,Samuel,Gieraths,sgieraths9y@trellian.com,Male,$3163.66
360,Kain,Beecheno,kbeecheno9z@yandex.ru,Male,$7982.02
361,Jakob,Englefield,jenglefielda0@nsw.gov.au,Male,$1521.03
362,Fulvia,Aleavy,faleavya1@squidoo.com,Female,$3271.67
363,Jarvis,Hardman,jhardmana2@ft.com,Male,$6983.38
364,Shel,Townes,stownesa3@soup.io,Female,$1984.26
365,Vaclav,Brawson,vbrawsona4@kickstarter.com,Male,$3759.35
366,Wiley,Swyre,wswyrea5@vk.com,Male,$2683.20
367,Rebekkah,Buckthorpe,rbuckthorpea6@google.ca,Female,$3354.66
368,Thaddus,Gregson,tgregsona7@tinypic.com,Male,$7672.05
369,Hyman,Ford,hforda8@homestead.com,Male,$3131.09
370,Milli,Deery,mdeerya9@examiner.com,Female,$5042.46
371,Griselda,Zoephel,gzoephelaa@cyberchimps.com,Non-binary,$7285.22
372,Way,Magee,wmageeab@vkontakte.ru,Male,$7231.02
373,Sula,Chaves,schavesac@360.cn,Female,$7241.01
374,Alyss,Letertre,aletertread@xinhuanet.com,Female,$7585.05
375,Mona,Eloy,meloyae@cargocollective.com,Female,$3647.37
376,Neila,Doughartie,ndoughartieaf@blogger.com,Female,$1074.68
377,Lionello,Kleyn,lkleynag@epa.gov,Male,$1910.02
378,Nanette,Capaldo,ncapaldoah@dropbox.com,Polygender,$7846.06
379,Ario,Todaro,atodaroai@rambler.ru,Male,$5392.00
380,Ware,Rutter,wrutteraj@mashable.com,Male,$2838.16
381,Kary,Sahnow,ksahnowak@rakuten.co.jp,Female,$6270.66
382,Rochell,Blakebrough,rblakebroughal@blogspot.com,Female,$3670.50
383,Henka,Feldhorn,hfeldhornam@cocolog-nifty.com,Female,$5358.20
384,Binni,Packer,bpackeran@sourceforge.net,Female,$4953.61
385,Fran,Pawley,fpawleyao@twitpic.com,Male,$4850.03
386,Cam,Shedden,csheddenap@earthlink.net,Male,$6738.91
387,Mikel,Shiell,mshiellaq@forbes.com,Male,$4285.89
388,Janos,Phonix,jphonixar@goo.ne.jp,Male,$3720.99
389,Romola,De Angelis,rdeangelisas@soup.io,Female,$2948.69
390,Wallis,Augustin,waugustinat@t-online.de,Female,$1317.49
391,Cello,Mattiacci,cmattiacciau@shop-pro.jp,Male,$5738.03
392,Lief,Kiera,lkieraav@washingtonpost.com,Male,$4762.36
393,Marcia,Boyat,mboyataw@examiner.com,Female,$1855.91
394,Bartram,Harrison,bharrisonax@tumblr.com,Male,$1716.93
395,Shirlee,Duncanson,sduncansonay@hibu.com,Female,$6148.82
396,Meredith,Samter,msamteraz@salon.com,Female,$6134.74
397,Isak,Olivello,iolivellob0@bandcamp.com,Male,$2679.96
398,Walsh,Ohlsen,wohlsenb1@addthis.com,Male,$2250.78
399,Amandi,McBrier,amcbrierb2@ezinearticles.com,Female,$4477.51
400,Zorana,Richin,zrichinb3@wsj.com,Polygender,$7171.21
401,Stevy,Gittens,sgittensb4@reuters.com,Male,$4730.86
402,Bartolemo,Kerswill,bkerswillb5@home.pl,Male,$5430.77
403,Kerrill,Kleinert,kkleinertb6@gov.uk,Female,$4468.55
404,Ryan,Sprouls,rsproulsb7@disqus.com,Male,$1210.52
405,Claybourne,Mahon,cmahonb8@samsung.com,Male,$1362.10
406,Mirna,Embra,membrab9@themeforest.net,Female,$3316.29
407,Andrew,Carnelley,acarnelleyba@earthlink.net,Male,$7936.46
408,Kristan,Shillan,kshillanbb@google.com.hk,Female,$6518.64
409,Darryl,Tefft,dtefftbc@blogger.com,Female,$5843.51
410,Chaim,Domelow,cdomelowbd@walmart.com,Male,$3363.39
411,Sansone,Alderwick,salderwickbe@un.org,Male,$4402.23
412,Roderick,Ceschi,rceschibf@thetimes.co.uk,Bigender,$5146.65
413,Lucien,Behninck,lbehninckbg@howstuffworks.com,Male,$1758.33
414,Margeaux,Vasyatkin,mvasyatkinbh@usa.gov,Female,$5615.80
415,Marika,Besset,mbessetbi@craigslist.org,Female,$7684.33
416,Orton,Idell,oidellbj@marketwatch.com,Bigender,$1197.38
417,Steffen,OBoyle,soboylebk@timesonline.co.uk,Male,$1891.34
418,Mara,Inmett,minmettbl@pbs.org,Female,$3683.45
419,Heywood,Senescall,hsenescallbm@wisc.edu,Male,$7475.59
420,Kippie,Buckston,kbuckstonbn@quantcast.com,Male,$1085.24
421,Cordy,Millmore,cmillmorebo@cbc.ca,Female,$4243.13
422,Nita,Clyant,nclyantbp@pen.io,Non-binary,$3344.61
423,Reed,Maven,rmavenbq@goo.gl,Male,$7951.60
424,Beret,McCuaig,bmccuaigbr@tripadvisor.com,Female,$3825.17
425,Dunn,Lowne,dlownebs@youtu.be,Male,$3336.86
426,Jaymee,Capron,jcapronbt@wikipedia.org,Female,$7811.78
427,Lurline,Karet,lkaretbu@columbia.edu,Female,$7549.61
428,Tedi,Cansdale,tcansdalebv@economist.com,Female,$7655.01
429,Guendolen,Peasby,gpeasbybw@dmoz.org,Bigender,$4697.07
430,Joscelin,Berr,jberrbx@mashable.com,Female,$2752.02
431,Loree,Hellard,lhellardby@census.gov,Female,$2707.47
432,Alec,Sedgeworth,asedgeworthbz@java.com,Male,$1970.31
433,Christen,Tombling,ctomblingc0@tinypic.com,Female,$4772.66
434,Dredi,Laidel,dlaidelc1@people.com.cn,Female,$6363.37
435,Oralla,Joye,ojoyec2@de.vu,Female,$1821.61
436,Hilario,Scipsey,hscipseyc3@nhs.uk,Male,$3796.73
437,Cherish,Yann,cyannc4@nba.com,Female,$3150.20
438,Rafi,Simons,rsimonsc5@angelfire.com,Male,$7756.52
439,Renard,Roscamp,rroscampc6@altervista.org,Male,$6522.65
440,Kamillah,Wetherburn,kwetherburnc7@answers.com,Genderfluid,$6045.79
441,Caz,Tizzard,ctizzardc8@europa.eu,Male,$1463.58
442,Gwen,Witter,gwitterc9@uiuc.edu,Female,$5873.13
443,Winona,Breakwell,wbreakwellca@admin.ch,Female,$2478.48
444,Jeanine,Kensy,jkensycb@theguardian.com,Female,$6942.51
445,Gayle,Ainsley,gainsleycc@oaic.gov.au,Female,$3911.66
446,Gale,Jowling,gjowlingcd@nhs.uk,Female,$5600.44
447,Claudia,Scripps,cscrippsce@booking.com,Female,$3546.58
448,Mel,Tant,mtantcf@reuters.com,Male,$5316.02
449,Sylvia,Sturridge,ssturridgecg@tinyurl.com,Female,$5248.49
450,Cos,Scotchmore,cscotchmorech@slashdot.org,Male,$1551.97
451,Beilul,Southerton,bsouthertonci@gov.uk,Female,$6820.00
452,Sauncho,Crosgrove,scrosgrovecj@typepad.com,Genderfluid,$3203.35
453,Nickey,Bullier,nbullierck@npr.org,Polygender,$4027.88
454,Timothea,Duncanson,tduncansoncl@princeton.edu,Non-binary,$3634.55
455,Garwood,Baruch,gbaruchcm@issuu.com,Male,$2709.40
456,Heidie,Dennis,hdenniscn@constantcontact.com,Female,$7405.24
457,Rustie,Bartomeu,rbartomeuco@trellian.com,Male,$5631.93
458,Merle,Cleynman,mcleynmancp@hud.gov,Male,$6432.65
459,Concettina,McOnie,cmconiecq@livejournal.com,Female,$3308.51
460,Anne,Laden,aladencr@google.ru,Female,$3114.91
461,Kirbie,Guillerman,kguillermancs@independent.co.uk,Female,$1907.59
462,Genevieve,Pignon,gpignonct@ed.gov,Female,$6968.52
463,Gertrude,Jeffry,gjeffrycu@archive.org,Female,$5275.41
464,Bay,De Gouy,bdegouycv@craigslist.org,Male,$5088.06
465,Adaline,O'Malley,aomalleycw@latimes.com,Female,$4162.53
466,Bette,Shirlaw,bshirlawcx@google.it,Female,$4698.39
467,Windy,Bellerby,wbellerbycy@berkeley.edu,Female,$1172.32
468,Stu,Kirdsch,skirdschcz@xinhuanet.com,Male,$4916.48
469,Mariejeanne,Alps,malpsd0@prlog.org,Female,$1261.67
470,Godfrey,Richardsson,grichardssond1@webs.com,Male,$1299.69
471,Carleen,Backshill,cbackshilld2@army.mil,Female,$7985.67
472,Leontine,Pugh,lpughd3@gnu.org,Female,$2262.38
473,Gwenni,Skalls,gskallsd4@chronoengine.com,Agender,$6285.65
474,Kingsly,Stokes,kstokesd5@smugmug.com,Male,$2304.83
475,Dorelle,Mustoe,dmustoed6@mit.edu,Female,$3951.94
476,Winnie,Woolford,wwoolfordd7@washington.edu,Female,$5067.37
477,Kial,Jankovsky,kjankovskyd8@behance.net,Female,$4558.82
478,Ralf,Burles,rburlesd9@sakura.ne.jp,Male,$1668.78
479,Coral,Wagner,cwagnerda@topsy.com,Female,$1928.79
480,Rodrigo,Upston,rupstondb@abc.net.au,Male,$3991.43
481,Donna,McKinna,dmckinnadc@washington.edu,Female,$5890.25
482,Marcello,Fallow,mfallowdd@archive.org,Male,$5635.05
483,Omero,Klimkin,oklimkinde@webeden.co.uk,Bigender,$3459.22
484,Godiva,Ethridge,gethridgedf@engadget.com,Female,$5548.67
485,Johannah,Putten,jputtendg@baidu.com,Female,$4051.05
486,Perren,King,pkingdh@apache.org,Male,$2702.26
487,Carolynn,Mackinder,cmackinderdi@cisco.com,Genderfluid,$4864.73
488,Lionello,Matthews,lmatthewsdj@msu.edu,Genderqueer,$6486.07
489,Ethan,Hanbury-Brown,ehanburybrowndk@hhs.gov,Male,$7532.38
490,Bendix,Paddell,bpaddelldl@theguardian.com,Male,$1156.98
491,Bruis,Kenlin,bkenlindm@issuu.com,Male,$3216.50
492,Hobard,Tilford,htilforddn@amazon.de,Male,$2004.93
493,Hollie,Glasbey,hglasbeydo@dedecms.com,Female,$2245.72
494,Thornie,Le Fevre,tlefevredp@kickstarter.com,Male,$1199.44
495,Abe,Innocenti,ainnocentidq@devhub.com,Male,$2633.46
496,Charmane,Grigoryov,cgrigoryovdr@goo.ne.jp,Female,$5475.03
497,Arnuad,Galbraeth,agalbraethds@google.es,Male,$6877.89
498,Tonia,Govern,tgoverndt@shutterfly.com,Female,$7679.58
499,Wendy,Bonner,wbonnerdu@who.int,Female,$7741.53
500,Dory,O'Sesnane,dosesnanedv@google.com,Female,$2748.27
501,Lanie,Caps,lcapsdw@sohu.com,Female,$5252.10
502,Sibelle,Gypson,sgypsondx@linkedin.com,Female,$1775.98
503,Mackenzie,Scrivens,mscrivensdy@yolasite.com,Male,$2633.23
504,Johannah,Echallier,jechallierdz@ustream.tv,Female,$5542.46
505,Godfry,Cawthorn,gcawthorne0@hp.com,Male,$2014.16
506,Arch,Spiring,aspiringe1@bloglines.com,Male,$4302.15
507,Way,Foch,wfoche2@woothemes.com,Male,$6638.22
508,Kamila,Deverell,kdeverelle3@paypal.com,Female,$6955.43
509,Angil,McCorkell,amccorkelle4@marriott.com,Female,$7282.13
510,Neall,Gaffey,ngaffeye5@unesco.org,Male,$3964.26
511,Traver,Wanden,twandene6@ustream.tv,Male,$1553.76
512,Abbey,Lindsey,alindseye7@google.co.uk,Male,$5932.28
513,Torrey,Cymper,tcympere8@sciencedaily.com,Male,$5369.84
514,Doralia,Crate,dcratee9@dell.com,Female,$1202.38
515,Tamara,MacKaig,tmackaigea@ovh.net,Female,$2426.12
516,Westbrooke,Randales,wrandaleseb@hostgator.com,Male,$6805.73
517,Julienne,Wolfart,jwolfartec@chicagotribune.com,Female,$7161.97
518,Judon,Raggles,jragglesed@uol.com.br,Male,$4631.28
519,Amos,Latek,alatekee@cornell.edu,Bigender,$3992.15
520,Andriette,Bridgewood,abridgewoodef@plala.or.jp,Genderfluid,$4055.79
521,Winfred,Rylstone,wrylstoneeg@google.fr,Genderqueer,$4586.49
522,Benson,Greenman,bgreenmaneh@nba.com,Male,$4650.25
523,Ingamar,Dorricott,idorricottei@eventbrite.com,Male,$5391.42
524,Oralle,Clucas,oclucasej@spotify.com,Female,$4408.76
525,Anastassia,Kerfut,akerfutek@i2i.jp,Female,$5629.34
526,Briana,Schops,bschopsel@acquirethisname.com,Female,$2253.29
527,Nowell,Horry,nhorryem@macromedia.com,Male,$5508.37
528,Allix,Kirley,akirleyen@state.gov,Female,$4963.02
529,Desirae,Stolting,dstoltingeo@salon.com,Female,$3139.86
530,Sarina,Corbie,scorbieep@oaic.gov.au,Female,$2693.82
531,Garner,Blumfield,gblumfieldeq@loc.gov,Male,$1528.17
532,Hugh,Fibbens,hfibbenser@hugedomains.com,Male,$1477.49
533,Bennie,Loverock,bloverockes@seesaa.net,Agender,$1132.56
534,Oswald,Singh,osinghet@sciencedaily.com,Male,$1837.25
535,Ora,Heisman,oheismaneu@uiuc.edu,Female,$3363.23
536,Farrand,Fairhead,ffairheadev@ihg.com,Female,$7057.45
537,Chester,Pettifor,cpettiforew@alexa.com,Male,$2196.69
538,Syd,Cecchetelli,scecchetelliex@barnesandnoble.com,Male,$4013.78
539,Randie,Rollingson,rrollingsoney@xinhuanet.com,Female,$1405.94
540,Chaddie,Layton,claytonez@time.com,Male,$2080.32
541,Frances,Fee,ffeef0@fc2.com,Female,$7307.80
542,Norean,Oldroyd,noldroydf1@umich.edu,Female,$4739.13
543,Reece,Semkins,rsemkinsf2@about.com,Male,$3899.79
544,Darryl,Drees,ddreesf3@cafepress.com,Male,$2079.07
545,Ricki,Grangier,rgrangierf4@admin.ch,Female,$4126.51
546,Ingra,Stedall,istedallf5@answers.com,Male,$1899.50
547,Alexis,Blazewicz,ablazewiczf6@wp.com,Male,$5229.73
548,Carolee,Giamelli,cgiamellif7@msu.edu,Female,$1424.70
549,Ellen,Jullian,ejullianf8@hubpages.com,Female,$2449.07
550,Hatti,Bounds,hboundsf9@cpanel.net,Female,$1327.52
551,Betteann,Bolino,bbolinofa@noaa.gov,Female,$6668.78
552,Korney,Kensall,kkensallfb@jimdo.com,Female,$7519.23
553,Hewie,Foort,hfoortfc@hao123.com,Male,$5353.58
554,Kalindi,Emps,kempsfd@yahoo.co.jp,Female,$6707.55
555,Bordy,Avraam,bavraamfe@buzzfeed.com,Male,$2447.42
556,Gabbie,Haversham,ghavershamff@sogou.com,Male,$5151.41
557,Alvis,Wanden,awandenfg@pbs.org,Male,$1541.31
558,Dominique,Lissenden,dlissendenfh@bravesites.com,Female,$5559.69
559,Heinrick,Foulds,hfouldsfi@reference.com,Agender,$2562.38
560,Clementine,Jojic,cjojicfj@rediff.com,Female,$7003.16
561,Laurella,Stenson,lstensonfk@rakuten.co.jp,Female,$4732.45
562,Marion,Tomaello,mtomaellofl@miibeian.gov.cn,Female,$6728.86
563,Gamaliel,Rove,grovefm@163.com,Male,$4661.06
564,Belita,Ettles,bettlesfn@yelp.com,Non-binary,$7660.78
565,Shanna,de Quesne,sdequesnefo@ihg.com,Female,$5398.90
566,Rocky,Collinson,rcollinsonfp@dion.ne.jp,Male,$6380.17
567,Jens,Dallaway,jdallawayfq@mayoclinic.com,Male,$7760.01
568,Cleopatra,Balls,cballsfr@nationalgeographic.com,Female,$6065.85
569,Faythe,Sisley,fsisleyfs@163.com,Female,$5809.90
570,Rae,Ucchino,rucchinoft@altervista.org,Female,$7822.58
571,Binni,Emanuele,bemanuelefu@timesonline.co.uk,Female,$7442.58
572,Dev,Shadwick,dshadwickfv@census.gov,Male,$3502.04
573,Byron,Maccaig,bmaccaigfw@webeden.co.uk,Male,$2003.58
574,Kennett,Caccavale,kcaccavalefx@slate.com,Male,$4021.75
575,Teresa,Dives,tdivesfy@scribd.com,Female,$7099.84
576,Ethelbert,Milligan,emilliganfz@elpais.com,Male,$5378.27
577,Giffard,Madge,gmadgeg0@nba.com,Male,$4217.00
578,Donica,Gundry,dgundryg1@ow.ly,Female,$2000.69
579,Cammie,Stutte,cstutteg2@1688.com,Female,$1789.66
580,Corabelle,Cresar,ccresarg3@oakley.com,Female,$2431.18
581,Enoch,Heliot,eheliotg4@scientificamerican.com,Male,$1296.42
582,Basilius,Brettoner,bbrettonerg5@free.fr,Male,$1090.49
583,Bil,Fright,bfrightg6@amazon.co.uk,Male,$6123.32
584,Mady,Hadny,mhadnyg7@youtube.com,Female,$5214.49
585,Garwood,De Roos,gderoosg8@reuters.com,Male,$1534.16
586,Sunny,O'Connolly,soconnollyg9@wp.com,Female,$3771.18
587,Augustus,Corris,acorrisga@home.pl,Male,$6828.35
588,Sena,Flewan,sflewangb@hp.com,Female,$5898.73
589,Griffy,Beamand,gbeamandgc@istockphoto.com,Male,$2442.66
590,Onfre,Kilgannon,okilgannongd@trellian.com,Male,$4821.06
591,Kathye,Colleck,kcolleckge@hp.com,Female,$1454.81
592,Karel,Newall,knewallgf@huffingtonpost.com,Male,$7166.79
593,Ado,Wyldish,awyldishgg@washington.edu,Male,$6855.46
594,Madison,Ody,modygh@webeden.co.uk,Male,$4561.40
595,Gertrudis,Bradbury,gbradburygi@cdc.gov,Female,$1543.54
596,Jolyn,Lindmark,jlindmarkgj@prweb.com,Female,$4016.48
597,Ivan,Mileham,imilehamgk@ed.gov,Male,$1115.73
598,Nikkie,Paoletto,npaolettogl@ow.ly,Genderqueer,$5196.51
599,Lon,Loachhead,lloachheadgm@who.int,Male,$2578.49
600,Jackie,Methven,jmethvengn@ask.com,Bigender,$2694.71
601,Giustino,Alsop,galsopgo@php.net,Male,$2070.19
602,Christyna,Grayshan,cgrayshangp@storify.com,Female,$7911.37
603,Perry,Bradforth,pbradforthgq@icio.us,Male,$3584.14
604,Sargent,Battaille,sbattaillegr@paypal.com,Male,$7739.20
605,Wilfred,Mattimoe,wmattimoegs@cisco.com,Male,$1221.96
606,Kirstin,Staddom,kstaddomgt@hp.com,Female,$2389.00
607,Laurence,MacCoughen,lmaccoughengu@senate.gov,Male,$5072.03
608,Kaspar,Kaplan,kkaplangv@sakura.ne.jp,Male,$2714.22
609,Ailis,Crichmer,acrichmergw@google.de,Female,$2758.58
610,Abel,Kalkofer,akalkofergx@webnode.com,Male,$3502.19
611,Josey,Newell,jnewellgy@storify.com,Genderqueer,$4265.57
612,Ilene,Swyer-Sexey,iswyersexeygz@ow.ly,Female,$6661.04
613,Ximenez,Baff,xbaffh0@360.cn,Male,$1563.96
614,Mollee,Arnaudet,marnaudeth1@google.com.hk,Female,$7300.92
615,Osgood,Dumblton,odumbltonh2@goodreads.com,Male,$2848.16
616,Edvard,Carrell,ecarrellh3@devhub.com,Male,$6245.97
617,Annabela,Coal,acoalh4@virginia.edu,Female,$1334.18
618,Lainey,Toby,ltobyh5@msu.edu,Female,$3693.20
619,Olenka,Breache,obreacheh6@opera.com,Female,$5294.95
620,Dorolisa,Garza,dgarzah7@nyu.edu,Female,$2696.41
621,Floyd,Lanfare,flanfareh8@bravesites.com,Male,$3478.39
622,Elia,Saunderson,esaundersonh9@dailymail.co.uk,Male,$6562.39
623,Davie,Dawdary,ddawdaryha@vk.com,Male,$5291.54
624,Noach,Imore,nimorehb@bluehost.com,Male,$1919.68
625,Archy,Bickle,abicklehc@nasa.gov,Male,$4790.19
626,Anet,Bonniface,abonnifacehd@spotify.com,Genderqueer,$1894.28
627,Nataniel,Chave,nchavehe@state.gov,Male,$1375.20
628,Chip,McCarry,cmccarryhf@zdnet.com,Male,$3108.19
629,Flossi,Cubberley,fcubberleyhg@ibm.com,Female,$3455.79
630,Kameko,Screech,kscreechhh@posterous.com,Polygender,$2112.93
631,Selia,Nitto,snittohi@skype.com,Female,$5978.08
632,Donn,Guiraud,dguiraudhj@dagondesign.com,Male,$4571.16
633,Ryun,Ruprecht,rruprechthk@xinhuanet.com,Male,$3019.42
634,Basilio,Ramey,brameyhl@berkeley.edu,Male,$7686.34
635,Brandtr,Malkin,bmalkinhm@columbia.edu,Male,$3751.87
636,Eberto,Crotty,ecrottyhn@purevolume.com,Male,$6950.61
637,Vannie,Muehler,vmuehlerho@unicef.org,Female,$1141.66
638,Nickola,Burrus,nburrushp@cisco.com,Male,$4464.36
639,Ronni,Weatherell,rweatherellhq@wordpress.org,Female,$5755.71
640,Bessie,Gillam,bgillamhr@joomla.org,Female,$5986.70
641,Budd,Ritchings,britchingshs@hostgator.com,Male,$7514.08
642,Raina,MacGibbon,rmacgibbonht@sciencedirect.com,Female,$4478.81
643,Flor,Gullivan,fgullivanhu@w3.org,Female,$4354.20
644,Jason,Whapham,jwhaphamhv@taobao.com,Genderqueer,$5283.28
645,Kassi,Hedgeley,khedgeleyhw@furl.net,Female,$2647.01
646,Bryn,Clyant,bclyanthx@gmpg.org,Male,$4235.99
647,Hadleigh,Ivie,hiviehy@google.nl,Male,$4130.95
648,Egan,Attrie,eattriehz@networkadvertising.org,Male,$7558.39
649,Doll,Alfonso,dalfonsoi0@sbwire.com,Female,$4526.66
650,Kristoffer,Walcot,kwalcoti1@ebay.com,Male,$6001.21
651,Zacharie,Bail,zbaili2@bravesites.com,Male,$2819.43
652,Genevra,Woodger,gwoodgeri3@state.tx.us,Female,$2430.29
653,Clemence,Pealing,cpealingi4@pcworld.com,Female,$5724.40
654,Pietra,Uccello,puccelloi5@cocolog-nifty.com,Female,$5489.20
655,Sheree,Ollenbuttel,sollenbutteli6@msu.edu,Female,$1180.93
656,Meredeth,Timberlake,mtimberlakei7@webs.com,Male,$3198.38
657,Perl,Mulgrew,pmulgrewi8@nydailynews.com,Female,$2721.56
658,Weber,Gildersleeve,wgildersleevei9@nifty.com,Male,$4995.79
659,Emlyn,Vern,evernia@storify.com,Male,$4697.77
660,Emmalee,OReagan,eoreaganib@blogger.com,Female,$1556.13
661,Bartram,Kelso,bkelsoic@constantcontact.com,Male,$1950.33
662,Maximilianus,Giraths,mgirathsid@delicious.com,Male,$5044.29
663,Alessandro,Palfreyman,apalfreymanie@microsoft.com,Male,$1133.88
664,Nester,Shanklin,nshanklinif@cbslocal.com,Genderqueer,$7199.99
665,Phylis,Houselee,phouseleeig@lycos.com,Female,$7569.65
666,Erda,Laverenz,elaverenzih@hatena.ne.jp,Female,$1311.81
667,Al,McGarry,amcgarryii@miibeian.gov.cn,Male,$3307.79
668,Ezequiel,Adamov,eadamovij@istockphoto.com,Male,$7759.46
669,Barnie,Garfield,bgarfieldik@umich.edu,Male,$5115.89
670,Jose,Stanner,jstanneril@spotify.com,Male,$1313.50
671,Gabriell,Reed,greedim@about.me,Female,$6456.87
672,Matelda,Lippo,mlippoin@amazon.co.jp,Female,$3684.25
673,Darya,Apdell,dapdellio@redcross.org,Female,$4958.62
674,Hamlin,Handy,hhandyip@hibu.com,Male,$6845.48
675,Minny,Snary,msnaryiq@example.com,Female,$7679.09
676,Drona,Pennock,dpennockir@cmu.edu,Female,$2733.42
677,Woody,Worms,wwormsis@bloomberg.com,Male,$2095.30
678,Guss,O'Connel,goconnelit@4shared.com,Genderfluid,$3918.29
679,Louisette,Kliemann,lkliemanniu@nba.com,Female,$1523.01
680,Barrett,Mostin,bmostiniv@youtu.be,Male,$6733.84
681,Franny,Corris,fcorrisiw@nbcnews.com,Agender,$1366.62
682,Sosanna,Pavlishchev,spavlishchevix@acquirethisname.com,Female,$2599.35
683,Brandtr,Gumary,bgumaryiy@ning.com,Male,$5332.99
684,Dionysus,Campes,dcampesiz@comsenz.com,Male,$2248.23
685,Araldo,Benoist,abenoistj0@qq.com,Male,$1030.69
686,Hodge,Jermy,hjermyj1@hud.gov,Male,$5052.04
687,Northrup,Haldin,nhaldinj2@pbs.org,Male,$6354.11
688,Georgie,Humbee,ghumbeej3@friendfeed.com,Female,$3700.36
689,Dieter,Jikylls,djikyllsj4@rakuten.co.jp,Male,$5947.68
690,Enrika,Labin,elabinj5@miibeian.gov.cn,Female,$5512.21
691,Bea,Cuschieri,bcuschierij6@businesswire.com,Female,$6687.22
692,Pauly,Jeeks,pjeeksj7@lycos.com,Male,$3906.98
693,Stace,Vanyakin,svanyakinj8@arstechnica.com,Female,$7779.36
694,Moyna,Biaggelli,mbiaggellij9@hc360.com,Female,$7150.24
695,Robena,Alred,ralredja@hc360.com,Female,$6648.07
696,Corty,Whistan,cwhistanjb@ox.ac.uk,Male,$7420.91
697,Chloris,Ahrend,cahrendjc@canalblog.com,Female,$3228.45
698,Rhianon,Loverock,rloverockjd@slate.com,Female,$2875.58
699,Hermia,Reside,hresideje@php.net,Female,$5630.34
700,Eddi,Rothera,erotherajf@ted.com,Female,$4835.97
701,Shirl,Schelle,sschellejg@nationalgeographic.com,Female,$6622.70
702,Steve,Sainsbury-Brown,ssainsburybrownjh@ox.ac.uk,Male,$1069.50
703,Sibeal,Janczak,sjanczakji@networksolutions.com,Female,$4568.77
704,Britt,Mattek,bmattekjj@bloglovin.com,Genderfluid,$2455.58
705,Andros,Andreutti,aandreuttijk@istockphoto.com,Male,$5026.63
706,Desmond,Baldinotti,dbaldinottijl@cnet.com,Male,$1213.74
707,Trstram,Colquyte,tcolquytejm@storify.com,Male,$3865.62
708,Johnath,Reek,jreekjn@ihg.com,Female,$4640.93
709,Martynne,Veque,mvequejo@princeton.edu,Female,$4274.50
710,Rustie,Harley,rharleyjp@nationalgeographic.com,Agender,$1378.01
711,Ernst,Delahunty,edelahuntyjq@sbwire.com,Male,$5478.38
712,Armstrong,Hammonds,ahammondsjr@g.co,Male,$6410.61
713,Audre,Webb,awebbjs@huffingtonpost.com,Female,$1542.74
714,George,Chin,gchinjt@wikispaces.com,Female,$1248.90
715,Torrin,Routhorn,trouthornju@digg.com,Male,$5284.00
716,Hobard,MacPake,hmacpakejv@mediafire.com,Male,$2487.51
717,Bayard,Leare,blearejw@alexa.com,Male,$4326.49
718,Benjy,Rouf,broufjx@seesaa.net,Male,$4838.48
719,Saunders,Haresign,sharesignjy@ezinearticles.com,Male,$5226.98
720,Alicia,Dungay,adungayjz@cbslocal.com,Female,$4340.89
721,Janene,Stuehmeier,jstuehmeierk0@ovh.net,Female,$6067.40
722,Elysee,Benka,ebenkak1@cyberchimps.com,Female,$3965.88
723,Danyette,O'Caherny,docahernyk2@technorati.com,Female,$1196.39
724,Gustav,Kervin,gkervink3@infoseek.co.jp,Male,$6903.16
725,Sandy,Rehn,srehnk4@businessinsider.com,Female,$1615.66
726,Fredi,Jennery,fjenneryk5@plala.or.jp,Female,$1233.78
727,Rudolph,Lamp,rlampk6@latimes.com,Male,$3968.93
728,Cherey,Ritzman,critzmank7@sbwire.com,Female,$7649.61
729,Urbano,MacFarlane,umacfarlanek8@ibm.com,Polygender,$7514.92
730,Felicity,Mushett,fmushettk9@mysql.com,Female,$5374.52
731,Nolie,Childes,nchildeska@joomla.org,Female,$4009.88
732,Tyler,Ayto,taytokb@dyndns.org,Male,$3328.31
733,Meghan,Cove,mcovekc@flickr.com,Female,$5993.27
734,Ashley,Ditzel,aditzelkd@msu.edu,Male,$2622.02
735,Marielle,Lambdean,mlambdeanke@edublogs.org,Female,$3988.43
736,Eileen,Punch,epunchkf@uiuc.edu,Female,$6703.36
737,Rafaela,Aprahamian,raprahamiankg@1und1.de,Female,$3901.14
738,Elbert,Binion,ebinionkh@apple.com,Male,$3049.24
739,Ferrell,Dunbavin,fdunbavinki@amazonaws.com,Male,$3792.22
740,Car,Izhaky,cizhakykj@infoseek.co.jp,Male,$7131.02
741,Elle,Hallmark,ehallmarkkk@google.it,Female,$7333.84
742,Dean,Bugdall,dbugdallkl@alexa.com,Male,$4940.36
743,Marina,Brothers,mbrotherskm@feedburner.com,Female,$1087.44
744,Mervin,Stroband,mstrobandkn@columbia.edu,Male,$2393.71
745,Tailor,Lark,tlarkko@gmpg.org,Male,$6956.44
746,Dehlia,Mitchall,dmitchallkp@apache.org,Female,$4214.65
747,Rodney,Brisbane,rbrisbanekq@unblog.fr,Male,$1503.28
748,Erminie,Skirving,eskirvingkr@accuweather.com,Polygender,$1193.03
749,Rudolf,Bonsey,rbonseyks@nifty.com,Male,$3219.82
750,Andrej,Tieman,atiemankt@apple.com,Male,$5785.70
751,Zola,Linfield,zlinfieldku@state.tx.us,Female,$3374.37
752,Sim,Anwyl,sanwylkv@homestead.com,Male,$4983.31
753,Fergus,Simunek,fsimunekkw@slideshare.net,Male,$7798.06
754,Aubrey,Bannell,abannellkx@cnn.com,Female,$5292.23
755,Marget,Splain,msplainky@list-manage.com,Female,$3062.83
756,Erwin,Galero,egalerokz@google.com,Bigender,$3972.83
757,Akim,Firpo,afirpol0@woothemes.com,Male,$7845.18
758,Heywood,McGhee,hmcgheel1@tinypic.com,Male,$4565.97
759,Paton,Oglethorpe,poglethorpel2@intel.com,Male,$7683.88
760,Rand,Bachura,rbachural3@arizona.edu,Male,$4204.41
761,Mac,Ellsom,mellsoml4@huffingtonpost.com,Male,$4202.55
762,Casandra,Franzetti,cfranzettil5@dagondesign.com,Female,$1643.26
763,Franky,Hartness,fhartnessl6@microsoft.com,Female,$2105.50
764,Jeffy,Kegan,jkeganl7@toplist.cz,Male,$7130.45
765,Walsh,Duker,wdukerl8@webeden.co.uk,Male,$3231.41
766,Garth,Dewar,gdewarl9@wikispaces.com,Male,$1981.90
767,Tobe,Harkness,tharknessla@vkontakte.ru,Female,$7772.42
768,Rosalyn,Anetts,ranettslb@bandcamp.com,Female,$1847.19
769,Vanya,Pheazey,vpheazeylc@wired.com,Male,$7065.47
770,Abdul,Coombes,acoombesld@gizmodo.com,Male,$3324.86
771,Meagan,Grishinov,mgrishinovle@unesco.org,Female,$6210.16
772,Jaime,Khan,jkhanlf@geocities.jp,Male,$4796.45
773,Stormy,Malletratt,smalletrattlg@nba.com,Female,$5477.01
774,Grete,Shaw,gshawlh@ibm.com,Female,$5986.64
775,Gawen,Penketh,gpenkethli@aol.com,Male,$5801.96
776,Kiersten,Herrieven,kherrievenlj@privacy.gov.au,Female,$4290.24
777,Dag,Pembery,dpemberylk@homestead.com,Male,$7287.75
778,Brenna,Botterill,bbotterillll@samsung.com,Female,$7718.08
779,Burk,Cronkshaw,bcronkshawlm@barnesandnoble.com,Male,$5061.46
780,Rafaellle,Forty,rfortyln@github.com,Male,$2138.21
781,Kala,Kilmurray,kkilmurraylo@last.fm,Agender,$4283.58
782,Hilario,OBrollachain,hobrollachainlp@desdev.cn,Male,$6526.26
783,Quincy,Heads,qheadslq@wikispaces.com,Male,$1172.38
784,Ogdan,Thorlby,othorlbylr@artisteer.com,Genderqueer,$7742.87
785,Car,Winsiowiecki,cwinsiowieckils@furl.net,Male,$7600.50
786,Zorina,Cazin,zcazinlt@yellowbook.com,Female,$6866.06
787,Jasun,Bertome,jbertomelu@upenn.edu,Male,$4054.59
788,Seline,Sesser,ssesserlv@tripadvisor.com,Female,$5192.34
789,Hoyt,Crinkley,hcrinkleylw@umich.edu,Male,$6482.39
790,Gordie,Spere,gsperelx@google.com,Male,$4443.98
791,Parry,Andre,pandrely@networksolutions.com,Male,$4145.91
792,Gaylor,Burleton,gburletonlz@hostgator.com,Male,$4127.69
793,Jerald,MacFaell,jmacfaellm0@friendfeed.com,Agender,$1073.99
794,Hillary,Figgs,hfiggsm1@paypal.com,Male,$5164.11
795,Donnajean,Olyunin,dolyuninm2@de.vu,Female,$7099.47
796,Don,Kerins,dkerinsm3@ibm.com,Male,$7039.94
797,Gordy,Van Baaren,gvanbaarenm4@360.cn,Male,$4217.32
798,Fiann,Fruchter,ffruchterm5@about.com,Female,$7261.34
799,Alta,Flewan,aflewanm6@smugmug.com,Female,$1477.36
800,Kissee,Redihalgh,kredihalghm7@fc2.com,Female,$3861.67
801,Timmie,Beushaw,tbeushawm8@instagram.com,Male,$1068.81
802,Antonino,Pren,aprenm9@sun.com,Male,$5691.32
803,Brynna,Bowdidge,bbowdidgema@cbsnews.com,Female,$1267.12
804,Danila,Perez,dperezmb@jimdo.com,Female,$4798.26
805,Mead,Ballard,mballardmc@nature.com,Male,$2382.42
806,Sully,McGaraghan,smcgaraghanmd@joomla.org,Male,$7940.25
807,Glyn,Tallis,gtallisme@gov.uk,Female,$5284.20
808,Cathie,Edling,cedlingmf@auda.org.au,Female,$4867.81
809,Franny,Fidler,ffidlermg@theatlantic.com,Male,$4345.80
810,Eugene,Tirkin,etirkinmh@nymag.com,Male,$7548.86
811,Eb,Thomsen,ethomsenmi@blogspot.com,Male,$6102.22
812,Nancy,Keasey,nkeaseymj@istockphoto.com,Female,$4399.84
813,Celina,Carpenter,ccarpentermk@house.gov,Female,$4099.28
814,Cullin,Brambley,cbrambleyml@nifty.com,Male,$2863.37
815,Lodovico,Kinkead,lkinkeadmm@soup.io,Male,$7214.20
816,Jasen,Winsiowiecki,jwinsiowieckimn@npr.org,Male,$4054.19
817,Anneliese,Chatin,achatinmo@icq.com,Female,$6063.42
818,Haroun,Hanne,hhannemp@wufoo.com,Male,$1510.31
819,Betsy,Hurtado,bhurtadomq@ftc.gov,Female,$4369.23
820,Ingram,Sustins,isustinsmr@qq.com,Male,$1510.68
821,Alex,McColl,amccollms@scribd.com,Male,$2464.76
822,Jarrad,Gallehawk,jgallehawkmt@pcworld.com,Male,$5958.21
823,Gus,Mapowder,gmapowdermu@taobao.com,Non-binary,$1868.29
824,Hayward,Pollard,hpollardmv@shop-pro.jp,Male,$2826.45
825,Nora,Stihl,nstihlmw@spiegel.de,Female,$7484.90
826,Oates,Safont,osafontmx@sbwire.com,Male,$4128.65
827,Justen,Freyn,jfreynmy@discuz.net,Male,$6052.54
828,Georgie,Bontoft,gbontoftmz@discuz.net,Female,$1495.06
829,Wanids,Gergolet,wgergoletn0@icq.com,Female,$4674.65
830,Arlyn,Franzonello,afranzonellon1@unicef.org,Female,$2319.71
831,Nikkie,Graben,ngrabenn2@drupal.org,Female,$3880.44
832,Sadye,Giovannoni,sgiovannonin3@typepad.com,Female,$4240.02
833,Benjamin,Smallcombe,bsmallcomben4@vkontakte.ru,Male,$3387.57
834,Manfred,Puddephatt,mpuddephattn5@sphinn.com,Male,$5422.30
835,Goldie,Klesl,gklesln6@hibu.com,Female,$4497.51
836,Buiron,Haddinton,bhaddintonn7@hhs.gov,Male,$7414.99
837,Verine,Kleinstern,vkleinsternn8@homestead.com,Female,$7404.50
838,Linn,Leadston,lleadstonn9@ox.ac.uk,Male,$2053.18
839,Lisha,Vigus,lvigusna@craigslist.org,Female,$6244.06
840,Edith,Grewes,egrewesnb@t-online.de,Bigender,$4062.39
841,Betsy,Duckitt,bduckittnc@epa.gov,Non-binary,$1384.17
842,Lidia,Grenkov,lgrenkovnd@trellian.com,Female,$2545.36
843,Raddie,Mawson,rmawsonne@hhs.gov,Male,$4150.04
844,Ade,Iuorio,aiuorionf@un.org,Male,$1863.25
845,Carly,Claque,cclaqueng@admin.ch,Male,$7357.20
846,Mame,Pritchard,mpritchardnh@bandcamp.com,Female,$3233.59
847,Giustino,Mackelworth,gmackelworthni@people.com.cn,Male,$6868.43
848,Llewellyn,Robens,lrobensnj@time.com,Male,$7363.22
849,Skip,Keming,skemingnk@example.com,Male,$7066.84
850,Cori,Salthouse,csalthousenl@businesswire.com,Male,$4838.80
851,Von,Muffin,vmuffinnm@home.pl,Male,$1504.62
852,Duff,Fern,dfernnn@cpanel.net,Male,$1977.46
853,Sashenka,Ching,schingno@answers.com,Female,$1283.03
854,Peggi,Tregaskis,ptregaskisnp@japanpost.jp,Female,$4471.59
855,Wileen,Richardes,wrichardesnq@miitbeian.gov.cn,Genderfluid,$4214.56
856,Leicester,Margerrison,lmargerrisonnr@goo.ne.jp,Male,$5552.92
857,Diannne,Hackett,dhackettns@paypal.com,Female,$1137.70
858,Connor,Kersley,ckersleynt@mlb.com,Male,$2330.51
859,Lyda,Rayment,lraymentnu@a8.net,Female,$1396.58
860,Claiborne,Urry,currynv@biblegateway.com,Male,$2383.45
861,Ware,Columbine,wcolumbinenw@ucoz.ru,Male,$6163.51
862,Drusi,Cuddy,dcuddynx@java.com,Female,$4509.34
863,Luther,Slimm,lslimmny@bloomberg.com,Bigender,$4058.20
864,Marcos,McTaggart,mmctaggartnz@uiuc.edu,Male,$7326.89
865,Bil,Ivachyov,bivachyovo0@smugmug.com,Male,$1712.55
866,Nicholas,Scatcher,nscatchero1@hibu.com,Male,$6074.89
867,Dun,Syrad,dsyrado2@creativecommons.org,Male,$3546.94
868,Moreen,Booler,mboolero3@infoseek.co.jp,Female,$2676.49
869,Gennifer,Perigoe,gperigoeo4@g.co,Female,$6735.69
870,Leontyne,Greenig,lgreenigo5@springer.com,Female,$2006.73
871,Cedric,Skep,cskepo6@instagram.com,Male,$7798.08
872,Griffith,Pole,gpoleo7@reuters.com,Male,$6514.83
873,Immanuel,Doran,idorano8@i2i.jp,Male,$6791.01
874,Ruben,Pach,rpacho9@facebook.com,Male,$2914.78
875,Alphard,Meachem,ameachemoa@i2i.jp,Male,$5828.21
876,Allard,Kerkham,akerkhamob@privacy.gov.au,Male,$4506.12
877,Lionello,Roscamps,lroscampsoc@bluehost.com,Male,$7433.62
878,Cory,Mallows,cmallowsod@msu.edu,Male,$6979.90
879,Melba,Beesley,mbeesleyoe@facebook.com,Female,$1990.83
880,Rance,Bernetti,rbernettiof@ucsd.edu,Male,$3366.83
881,Leese,Roby,lrobyog@wunderground.com,Female,$4174.37
882,Desirae,Landal,dlandaloh@dailymotion.com,Female,$7775.15
883,Ardelis,Pennington,apenningtonoi@narod.ru,Female,$2721.34
884,Kippar,Coughlin,kcoughlinoj@altervista.org,Male,$2671.93
885,Nerta,Eveling,nevelingok@amazon.co.uk,Female,$2665.22
886,Skye,Stetlye,sstetlyeol@wired.com,Male,$2783.88
887,Mirabella,Vanlint,mvanlintom@eventbrite.com,Female,$5634.18
888,Maris,Wharfe,mwharfeon@whitehouse.gov,Female,$1942.36
889,Asia,Wildman,awildmanoo@addtoany.com,Female,$2393.46
890,Calla,Petrushanko,cpetrushankoop@zdnet.com,Agender,$4483.96
891,Vergil,Marsters,vmarstersoq@utexas.edu,Male,$1093.77
892,Morgun,Broader,mbroaderor@simplemachines.org,Non-binary,$6127.38
893,Toddy,Amsden,tamsdenos@whitehouse.gov,Male,$3178.83
894,Gram,Turban,gturbanot@skype.com,Male,$4685.85
895,Ricky,Gregorowicz,rgregorowiczou@rambler.ru,Genderqueer,$3888.97
896,Raff,Benedettini,rbenedettiniov@zdnet.com,Male,$2918.89
897,Nathan,Radborn,nradbornow@java.com,Bigender,$4533.84
898,Stillmann,Arondel,sarondelox@umich.edu,Male,$4525.06
899,Norene,Illwell,nillwelloy@foxnews.com,Female,$5463.04
900,Angie,Litchfield,alitchfieldoz@timesonline.co.uk,Male,$1041.43
901,Kaleb,Grahlman,kgrahlmanp0@ifeng.com,Male,$5128.79
902,Davis,Bello,dbellop1@digg.com,Male,$7077.54
903,Swen,McKennan,smckennanp2@sohu.com,Male,$4257.55
904,Julius,Philps,jphilpsp3@addthis.com,Male,$1065.05
905,Herb,Philipeau,hphilipeaup4@feedburner.com,Male,$3466.83
906,Hall,Hughlin,hhughlinp5@over-blog.com,Male,$7159.53
907,Lanie,Castles,lcastlesp6@hexun.com,Female,$5596.36
908,Nannie,Cheater,ncheaterp7@devhub.com,Polygender,$4895.14
909,Ichabod,Tesche,iteschep8@rambler.ru,Male,$3269.33
910,Sigfrid,Stiggers,sstiggersp9@sphinn.com,Male,$2120.43
911,Denver,Drackford,ddrackfordpa@twitter.com,Male,$3179.31
912,Gwenneth,Harp,gharppb@technorati.com,Female,$1842.34
913,Dan,Drinnan,ddrinnanpc@epa.gov,Male,$5357.54
914,Alexa,Martel,amartelpd@disqus.com,Female,$3382.37
915,Ryan,Fiddiman,rfiddimanpe@msn.com,Male,$2121.09
916,Gordan,Carrabot,gcarrabotpf@tiny.cc,Male,$7697.95
917,Skipp,Cockle,scocklepg@msu.edu,Male,$3969.98
918,Rubi,Custard,rcustardph@google.nl,Female,$2675.03
919,Cosme,Hukins,chukinspi@psu.edu,Male,$2118.72
920,Austin,Ord,aordpj@ucsd.edu,Female,$6968.39
921,Bentlee,Covington,bcovingtonpk@dropbox.com,Male,$5857.27
922,Gearard,Gallichan,ggallichanpl@mac.com,Male,$2347.73
923,Clementina,Checchi,cchecchipm@indiegogo.com,Female,$2732.92
924,Otto,O'Keeffe,ookeeffepn@t.co,Male,$5695.00
925,Maiga,Benes,mbenespo@vistaprint.com,Female,$3905.08
926,Daune,Caig,dcaigpp@google.com.hk,Female,$5497.07
927,Pauly,Gilliam,pgilliampq@wikipedia.org,Female,$4385.00
928,Alexander,Simcoe,asimcoepr@yahoo.com,Male,$3648.54
929,Rubetta,Folk,rfolkps@ebay.com,Female,$3293.43
930,Fleming,Beteriss,fbeterisspt@tripod.com,Agender,$6447.04
931,Georgina,Curme,gcurmepu@sun.com,Female,$6659.28
932,Sigvard,Rillett,srillettpv@about.me,Male,$5032.90
933,Casey,de Quincey,cdequinceypw@t.co,Female,$7118.56
934,Humfried,Cleminson,hcleminsonpx@nytimes.com,Male,$5015.34
935,Barbabra,Renner,brennerpy@google.ca,Female,$1122.18
936,Dagny,Habens,dhabenspz@bandcamp.com,Male,$2345.25
937,Caressa,McGonigal,cmcgonigalq0@china.com.cn,Female,$3925.13
938,Burk,Ambler,bamblerq1@addthis.com,Male,$5939.07
939,Tabbatha,Fallowfield,tfallowfieldq2@webmd.com,Female,$5396.20
940,Jasmin,Lewton,jlewtonq3@mashable.com,Agender,$6590.81
941,Sven,Badgers,sbadgersq4@nbcnews.com,Male,$6761.22
942,Farand,Sanson,fsansonq5@geocities.jp,Female,$6208.76
943,Carroll,Rouzet,crouzetq6@adobe.com,Male,$2654.94
944,Culley,Darwent,cdarwentq7@dagondesign.com,Male,$1024.85
945,Ethelred,Hymans,ehymansq8@free.fr,Non-binary,$7516.95
946,Tommie,Brumble,tbrumbleq9@nhs.uk,Male,$6662.55
947,Davine,McTrustram,dmctrustramqa@blogspot.com,Non-binary,$7851.66
948,Jordan,Chown,jchownqb@goodreads.com,Genderfluid,$1608.63
949,Simone,Jacks,sjacksqc@sitemeter.com,Male,$5670.92
950,Arvin,Minchinton,aminchintonqd@altervista.org,Non-binary,$3431.43
951,Georgie,Restall,grestallqe@newyorker.com,Female,$6108.82
952,Dani,Dyshart,ddyshartqf@parallels.com,Male,$7654.37
953,Ivory,Tracey,itraceyqg@sun.com,Female,$6690.99
954,Alethea,Hayler,ahaylerqh@mysql.com,Female,$6384.95
955,Massimiliano,Olivera,moliveraqi@imgur.com,Male,$1495.42
956,Jo-ann,Hirtzmann,jhirtzmannqj@goodreads.com,Agender,$4798.46
957,Augusta,Jasiak,ajasiakqk@examiner.com,Female,$4753.18
958,Janos,Hinkens,jhinkensql@hud.gov,Male,$3184.72
959,Bamby,Brandom,bbrandomqm@si.edu,Female,$4838.00
960,Lois,Dotterill,ldotterillqn@nba.com,Female,$3918.32
961,Lauraine,Macieja,lmaciejaqo@fastcompany.com,Female,$2180.11
962,Traver,Ashtonhurst,tashtonhurstqp@theguardian.com,Male,$4975.13
963,Bentley,Pellman,bpellmanqq@army.mil,Bigender,$2018.89
964,Durante,Darell,ddarellqr@cyberchimps.com,Male,$5339.11
965,Joli,Blackborough,jblackboroughqs@tiny.cc,Female,$7250.31
966,Charlene,Restall,crestallqt@hhs.gov,Female,$7279.92
967,Sanders,Brayn,sbraynqu@drupal.org,Male,$5942.32
968,Eba,Urrey,eurreyqv@alexa.com,Female,$3196.60
969,Elora,Tubb,etubbqw@geocities.com,Female,$4825.02
970,Lyndell,Woodroffe,lwoodroffeqx@free.fr,Female,$4459.34
971,Tamar,Quested,tquestedqy@guardian.co.uk,Female,$4913.32
972,Goddard,Dunsmore,gdunsmoreqz@telegraph.co.uk,Male,$5983.59
973,Tommy,Scones,tsconesr0@usa.gov,Male,$2443.20
974,Blondell,Buckbee,bbuckbeer1@google.nl,Polygender,$4930.12
975,Gabriela,Moppett,gmoppettr2@who.int,Female,$1344.33
976,Vincent,Mucci,vmuccir3@ihg.com,Male,$1997.18
977,Ashton,Hulbert,ahulbertr4@uol.com.br,Male,$6314.75
978,Netta,Bittlestone,nbittlestoner5@eventbrite.com,Female,$4942.34
979,Blair,Rickerd,brickerdr6@meetup.com,Male,$4626.90
980,Marga,McFee,mmcfeer7@sun.com,Female,$6299.53
981,Kristan,Whitcher,kwhitcherr8@mac.com,Female,$4741.69
982,Alida,Rippen,arippenr9@ocn.ne.jp,Female,$3845.39
983,Hamilton,Reichhardt,hreichhardtra@netscape.com,Male,$1814.75
984,Rob,Featenby,rfeatenbyrb@ucoz.ru,Male,$5979.56
985,Ringo,Tams,rtamsrc@eventbrite.com,Male,$6208.19
986,Kris,Dunmore,kdunmorerd@last.fm,Male,$2037.60
987,Bree,Spens,bspensre@bizjournals.com,Agender,$2401.50
988,Ardeen,Pridgeon,apridgeonrf@ted.com,Female,$5805.76
989,Griffith,Veale,gvealerg@google.cn,Male,$7646.84
990,Willis,Freckelton,wfreckeltonrh@furl.net,Male,$6130.34
991,Dare,Whetton,dwhettonri@twitter.com,Male,$1665.12
992,Ingmar,Crassweller,icrasswellerrj@tripadvisor.com,Male,$5378.86
993,Lenette,Marler,lmarlerrk@technorati.com,Agender,$7695.38
994,Maximo,Goldes,mgoldesrl@indiatimes.com,Polygender,$4243.32
995,Jemmie,Ackhurst,jackhurstrm@epa.gov,Female,$7327.32
996,Rikki,Geockle,rgeocklern@etsy.com,Female,$3829.12
997,Vin,Sansbury,vsansburyro@nytimes.com,Female,$2122.82
998,Yoko,Cardon,ycardonrp@gizmodo.com,Female,$3230.91
999,Anson,Palin,apalinrq@clickbank.net,Male,$2733.36
1000,Jamison,Gillise,jgilliserr@senate.gov,Bigender,$7476.06
1001,Jamison,Gillise,jgilliserr@senate.gov,Bigender,$7476.06
